target_age_range,ctr
20 - 40,0.4
20 - 45,0.142857
0 - 0,0.123077
20 - 30,0.111111
35 - 50,0.071429
50 - 60,0.0
