target_gender,ctr
F,0.1875
M,0.142857
All,0.108974
